{
  "c_v": 0.556770181235778,
  "c_npmi": 0.04113137109953221,
  "u_mass": -1.717664890387222,
  "topic_div@10": 0.78,
  "n_docs": 20384,
  "n_topics": 5
}