{
  "c_v": 0.5327549293942332,
  "c_npmi": 0.036835361412685834,
  "u_mass": -2.8644530124155545,
  "topic_div@10": 0.9,
  "n_docs": 33390,
  "n_topics": 5
}