{
  "c_v": 0.4562893964259141,
  "c_npmi": 0.022697717305712493,
  "u_mass": -1.5674212487990562,
  "topic_div@10": 0.76,
  "n_docs": 367586,
  "n_topics": 5
}