{
  "c_v": 0.5386164657701442,
  "c_npmi": 0.04769509984537096,
  "u_mass": -1.8415231818986286,
  "topic_div@10": 0.84,
  "n_docs": 402254,
  "n_topics": 5
}