{"c_v": 0.6966405661116123, "c_npmi": 0.12384528756745261, "u_mass": -1.9464936857791386, "topic_div@10": 0.96, "n_docs": 33390, "n_topics": 5}