{
  "c_v": 0.5722029037315358,
  "c_npmi": 0.06046862621484067,
  "u_mass": -1.9240538084481849,
  "topic_div@10": 0.84,
  "n_docs": 482728,
  "n_topics": 5
}