{
  "category": "cs",
  "n_documents": 703085,
  "n_topics": 5,
  "topic_diversity": 0.54,
  "log_likelihood": -516820814.65345937,
  "log_perplexity": 7.166941984491508,
  "parameters": {
    "vocab_size": 30000,
    "min_df": 0.001,
    "max_df": 0.9,
    "max_iter": 20
  }
}