{"c_v": 0.6614650427087386, "c_npmi": 0.12208367161825939, "u_mass": -2.0003408342398146, "topic_div@10": 0.89, "n_docs": 100000, "n_topics": 10}