{"c_v": 0.6313876171502449, "c_npmi": 0.0943184078559839, "u_mass": -2.048091001192808, "topic_div@10": 0.92, "n_docs": 529142, "n_topics": 5}