{
  "c_v": 0.5528420735449686,
  "c_npmi": 0.05076460210061454,
  "u_mass": -2.2133645693800026,
  "topic_div@10": 0.9,
  "n_docs": 151405,
  "n_topics": 5
}