{"c_v": 0.6218507030934216, "c_npmi": 0.09451093585385908, "u_mass": -2.0604137768751145, "topic_div@10": 0.96, "n_docs": 346174, "n_topics": 5}