{"c_v": 0.6179087559062956, "c_npmi": 0.09634097590702172, "u_mass": -1.8760602700131481, "topic_div@10": 0.94, "n_docs": 283402, "n_topics": 5}