{"c_v": 0.6592590827053518, "c_npmi": 0.10218910111480736, "u_mass": -2.0221886575189263, "topic_div@10": 0.96, "n_docs": 100000, "n_topics": 5}