{
  "c_v": 0.5505259473827201,
  "c_npmi": 0.05818017337479124,
  "u_mass": -2.1507879330203883,
  "topic_div@10": 0.8,
  "n_docs": 529142,
  "n_topics": 5
}