{
  "c_v": 0.49056633042628867,
  "c_npmi": 0.03769241684322404,
  "u_mass": -1.5199864240150258,
  "topic_div@10": 0.82,
  "n_docs": 279730,
  "n_topics": 5
}