{"c_v": 0.6726767134762648, "c_npmi": 0.1066758685778126, "u_mass": -1.7883660010895617, "topic_div@10": 0.92, "n_docs": 20384, "n_topics": 5}