{"c_v": 0.6620576927559741, "c_npmi": 0.08953578926838922, "u_mass": -1.8380816419906558, "topic_div@10": 0.9666666666666667, "n_docs": 33390, "n_topics": 3}