{"c_v": 0.6791150057941231, "c_npmi": 0.11235690667154978, "u_mass": -1.9086463572745118, "topic_div@10": 0.96, "n_docs": 902254, "n_topics": 5}