{"c_v": 0.6532860930491126, "c_npmi": 0.11150219039774852, "u_mass": -1.9384674690942807, "topic_div@10": 0.9666666666666667, "n_docs": 151405, "n_topics": 3}