{"c_v": 0.6536739534255483, "c_npmi": 0.10259876487137524, "u_mass": -2.025173765182627, "topic_div@10": 0.98, "n_docs": 151405, "n_topics": 5}