{"c_v": 0.6225039479532166, "c_npmi": 0.0919269175882339, "u_mass": -1.9500712475655348, "topic_div@10": 0.9333333333333333, "n_docs": 330265, "n_topics": 3}