{"c_v": 0.6564240685918991, "c_npmi": 0.10362935497113224, "u_mass": -2.036492554701489, "topic_div@10": 0.92, "n_docs": 330265, "n_topics": 5}