{
  "c_v": 0.5343973911443123,
  "c_npmi": 0.04719720759070616,
  "u_mass": -1.6801625125039426,
  "topic_div@10": 0.8,
  "n_docs": 526859,
  "n_topics": 5
}