{
  "c_v": 0.5629393903399518,
  "c_npmi": 0.05559668196652351,
  "u_mass": -1.9070462647613344,
  "topic_div@10": 0.84,
  "n_docs": 100000,
  "n_topics": 5
}