{
  "c_v": 0.5417686859179265,
  "c_npmi": 0.06390836436328254,
  "u_mass": -2.012077912130769,
  "topic_div@10": 0.78,
  "n_docs": 100000,
  "n_topics": 10
}