{
  "c_v": 0.5125997218577444,
  "c_npmi": 0.044188962154869206,
  "u_mass": -1.5867793875731067,
  "topic_div@10": 0.8,
  "n_docs": 452913,
  "n_topics": 5
}