{
  "c_v": 0.5618684885004913,
  "c_npmi": 0.058103678392767255,
  "u_mass": -1.8833884045008389,
  "topic_div@10": 0.82,
  "n_docs": 283402,
  "n_topics": 5
}