{
  "c_v": 0.543026113789053,
  "c_npmi": 0.054885339718731364,
  "u_mass": -1.8419904832902716,
  "topic_div@10": 0.84,
  "n_docs": 346174,
  "n_topics": 5
}