{"c_v": 0.6640420095246966, "c_npmi": 0.1124955297349232, "u_mass": -1.760193239927391, "topic_div@10": 0.98, "n_docs": 279730, "n_topics": 5}