{
  "c_v": 0.5416944340822907,
  "c_npmi": 0.05077950124019116,
  "u_mass": -1.6231902935594291,
  "topic_div@10": 0.8,
  "n_docs": 638645,
  "n_topics": 5
}