{
  "c_v": 0.5126348512499308,
  "c_npmi": 0.043769560449755246,
  "u_mass": -1.84449311189027,
  "topic_div@10": 0.82,
  "n_docs": 902254,
  "n_topics": 5
}