{"c_v": 0.636174035424937, "c_npmi": 0.08763306232370639, "u_mass": -1.8030837623275102, "topic_div@10": 1.0, "n_docs": 529142, "n_topics": 3}