{
  "c_v": 0.5088618973097467,
  "c_npmi": 0.03838127791293221,
  "u_mass": -2.4310705204944063,
  "topic_div@10": 0.92,
  "n_docs": 330265,
  "n_topics": 5
}