{"c_v": 0.6312449125773686, "c_npmi": 0.08889135754615018, "u_mass": -1.8631421152336713, "topic_div@10": 0.92, "n_docs": 402254, "n_topics": 5}