{
  "c_v": 0.5311142365164699,
  "c_npmi": 0.04201939107081669,
  "u_mass": -1.595024664689887,
  "topic_div@10": 0.76,
  "n_docs": 474569,
  "n_topics": 5
}